events,count,total_re24,linear_weights_above_average,linear_weights_above_outs,normalized_weight
home_run,802.0,1419.0,1.769,1.7369999999999999,5.562
triple,190.0,154.0,0.811,0.779,2.494
double,1544.0,854.0,0.553,0.521,1.668
single,4946.0,1638.0,0.331,0.29900000000000004,0.957
hit_by_pitch,1343.0,94.0,0.07,0.038000000000000006,0.122
walk,4136.0,213.0,0.051,0.018999999999999996,0.061
out,20523.0,665.0,0.032,0.0,0.0
wOBA scale,,,,,3.202
