events,count,total_re24,linear_weights_above_average,linear_weights_above_outs,normalized_weight
home_run,972.0,1720.0,1.77,1.735,5.76
triple,228.0,190.0,0.833,0.7979999999999999,2.649
double,1845.0,1020.0,0.553,0.518,1.72
single,6049.0,1961.0,0.324,0.28900000000000003,0.959
hit_by_pitch,1605.0,111.0,0.069,0.034,0.113
walk,5082.0,273.0,0.054,0.018999999999999996,0.063
out,25432.0,900.0,0.035,0.0,0.0
wOBA scale,,,,,3.32
