events,count,linear_weights_above_average,linear_weights_above_outs,normalized_weight
home_run,19096,1.429,1.834,1.751
triple,3579,1.3,1.705,1.628
double,30704,0.887,1.292,1.234
single,104471,0.558,0.9630000000000001,0.919
hit_by_pitch,21032,0.438,0.843,0.805
walk,75865,0.409,0.8140000000000001,0.777
out,407140,-0.405,0,0
wOBA scale,NA,NA,NA,0.955
