events,count,total_re24,linear_weights_above_average,linear_weights_above_outs,normalized_weight
home_run,889.0,1571.0,1.767,1.732,5.706
triple,206.0,170.0,0.825,0.7899999999999999,2.603
double,1660.0,909.0,0.548,0.513,1.69
single,5388.0,1758.0,0.326,0.29100000000000004,0.959
hit_by_pitch,1441.0,99.0,0.069,0.034,0.112
walk,4488.0,230.0,0.051,0.015999999999999993,0.053
out,22811.0,803.0,0.035,0.0,0.0
wOBA scale,,,,,3.295
