events,count,total_re24,linear_weights_above_average,linear_weights_above_outs,normalized_weight
home_run,889.0,1571.0,1.767,1.7349999999999999,5.569
triple,206.0,170.0,0.825,0.7929999999999999,2.545
double,1660.0,909.0,0.548,0.516,1.656
single,5388.0,1758.0,0.326,0.29400000000000004,0.944
hit_by_pitch,1441.0,99.0,0.069,0.037000000000000005,0.119
walk,4488.0,230.0,0.051,0.018999999999999996,0.061
out,22320.0,708.0,0.032,0.0,0.0
wOBA scale,,,,,3.21
