events,count,total_re24,linear_weights_above_average,linear_weights_above_outs,normalized_weight
home_run,1110.0,1956.0,1.762,1.727,5.778
triple,338.0,286.0,0.846,0.8109999999999999,2.713
double,2621.0,1541.0,0.588,0.5529999999999999,1.85
single,9059.0,2930.0,0.323,0.28800000000000003,0.964
walk,6728.0,391.0,0.058,0.023,0.077
hit_by_pitch,2344.0,125.0,0.053,0.017999999999999995,0.06
out,33964.0,1184.0,0.035,0.0,0.0
wOBA scale,,,,,3.346
