events,count,total_re24,linear_weights_above_average,linear_weights_above_outs,normalized_weight
home_run,1165.0,2049.0,1.759,1.7209999999999999,5.93
triple,351.0,297.0,0.846,0.8079999999999999,2.784
double,2722.0,1604.0,0.589,0.5509999999999999,1.898
single,9464.0,3052.0,0.322,0.28400000000000003,0.978
walk,7003.0,402.0,0.057,0.019000000000000003,0.065
hit_by_pitch,2439.0,131.0,0.054,0.016,0.055
out,36452.0,1388.0,0.038,0.0,0.0
wOBA scale,,,,,3.445
