events,count,total_re24,linear_weights_above_average,linear_weights_above_outs,normalized_weight
home_run,1204.0,2122.0,1.762,1.724,5.951
triple,363.0,302.0,0.832,0.7939999999999999,2.741
double,2842.0,1685.0,0.593,0.5549999999999999,1.916
single,9932.0,3199.0,0.322,0.28400000000000003,0.98
walk,7331.0,417.0,0.057,0.019000000000000003,0.066
hit_by_pitch,2560.0,143.0,0.056,0.018000000000000002,0.062
out,38144.0,1457.0,0.038,0.0,0.0
wOBA scale,,,,,3.452
