events,count,linear_weights_above_average,linear_weights_above_outs,normalized_weight
home_run,1895,1.448,1.873,1.761
triple,569,1.36,1.7850000000000001,1.679
double,4330,0.912,1.337,1.257
single,15105,0.566,0.9909999999999999,0.932
hit_by_pitch,3889,0.449,0.874,0.822
walk,11134,0.422,0.847,0.797
out,56277,-0.425,0,0
wOBA scale,NA,NA,NA,0.94
