events,count,linear_weights_above_average,linear_weights_above_outs,normalized_weight
home_run,397,1.469,1.9000000000000001,1.776
triple,188,1.332,1.7630000000000001,1.648
double,1363,0.954,1.385,1.294
single,4828,0.586,1.017,0.951
hit_by_pitch,1271,0.441,0.872,0.815
walk,3692,0.403,0.8340000000000001,0.779
out,17342,-0.431,0,0
wOBA scale,NA,NA,NA,0.935
