events,count,total_re24,linear_weights_above_average,linear_weights_above_outs,normalized_weight
home_run,167.0,328.0,1.964,1.928,6.633
triple,77.0,58.0,0.753,0.717,2.467
double,542.0,342.0,0.631,0.595,2.047
single,1957.0,675.0,0.345,0.309,1.063
hit_by_pitch,523.0,34.0,0.065,0.029000000000000005,0.1
walk,1472.0,81.0,0.055,0.019000000000000003,0.065
out,7187.0,261.0,0.036,0.0,0.0
wOBA scale,,,,,3.441
