events,count,linear_weights_above_average,linear_weights_above_outs,normalized_weight
home_run,17607,1.449,1.9100000000000001,1.703
triple,7096,1.346,1.8070000000000002,1.611
double,51336,0.963,1.424,1.27
single,193902,0.586,1.047,0.933
hit_by_pitch,42456,0.458,0.919,0.819
walk,122915,0.431,0.892,0.795
out,645749,-0.461,0,0
wOBA scale,NA,NA,NA,0.892
