Year,Division,wOBA,wOBAScale,wBB,wHBP,w1B,w2B,w3B,wHR,runSB,runCS,csRate,runsPA,runsOut,runsWin,cFIP
2025,1,0.373,0.931,0.792,0.82,0.944,1.263,1.646,1.707,0.2,-0.6006601711892187,0.248,0.16787641913270054,0.26283008559460935,13.240366972477064,4.7865058864142265
2025,2,0.376,0.951,0.794,0.822,0.934,1.266,1.72,1.761,0.2,-0.6091158483959263,0.222,0.16864693149788998,0.26705792419796315,12.756183745583039,4.645020463847203
2025,3,0.381,0.943,0.763,0.812,0.963,1.294,1.675,1.827,0.2,-0.6347753083404567,0.202,0.17172398291750957,0.2798876541702284,13.325581395348838,5.125091679569716
