Year,Division,wOBA,wOBAScale,wBB,wHBP,w1B,w2B,w3B,wHR,runSB,runCS,csRate,runsPA,runsOut,runsWin,cFIP
2025,1,0.373,0.929,0.791,0.818,0.942,1.271,1.639,1.705,0.2,-0.6001448936246805,0.25,0.1677090039547503,0.26257244681234027,13.237749546279492,4.761012956419317
2025,2,0.377,0.96,0.795,0.821,0.934,1.274,1.726,1.772,0.2,-0.608233431623725,0.224,0.1684045005572264,0.2666167158118625,12.650229357798166,4.6680009778158045
2025,3,0.381,0.943,0.763,0.812,0.963,1.295,1.673,1.827,0.2,-0.6347753083404567,0.202,0.17172398291750957,0.2798876541702284,13.325581395348838,5.1049890127777315
