Year,Division,wOBA,wOBAScale,wBB,wHBP,w1B,w2B,w3B,wHR,runSB,runCS,csRate,runsPA,runsOut,runsWin,cFIP
2025,1,0.37,0.949,0.79,0.815,0.944,1.277,1.638,1.733,0.2,-0.5812921214289974,0.241,0.16266814854558695,0.25314606071449874,12.784638554216867,4.577749867156175
2025,2,0.376,0.958,0.795,0.822,0.932,1.272,1.715,1.772,0.2,-0.6051899208096027,0.223,0.167760371045792,0.26509496040480135,12.616630669546437,4.633461541216327
2025,3,0.381,0.956,0.766,0.816,0.963,1.309,1.7,1.828,0.2,-0.6244458194339825,0.207,0.16912885061278568,0.27472290971699126,13.15979381443299,5.049056334510686
